{"ABIO": 3.8632908487526274, "AE": 0.08149867362280437, "AEMD": 0.23622053230797072, "AESE": 0.0892857738396767, "AEYE": 0.1773533702954777, "AIHS": 0.23783783348395587, "ALDX": 0.1264915813205931, "ALRN": 0.3636364252114102, "ANTE": 0.08955224013376349, "ARPO": 0.44501277193380406, "ASRT": 0.15662650342845205, "ATOM": 0.15454552773179706, "AVGR": 0.23692315310416417, "AWX": 0.08633093957075222, "AXLA": 0.09671179741227764, "BCYC": 0.09933369878332877, "BHAT": 0.2920167969892142, "BHR": 0.11963193436965455, "BILL": 0.07968875870166586, "BIOX": 0.09243700980938213, "BNKD": 0.09471354650363348, "BWEN": 0.10222223069932726, "CAAS": 0.08290153936256876, "CBL": 0.3200000524520874, "CDOR": 0.16800003051757811, "CGC": 0.09145727284986933, "CIFS": 0.7077335243473845, "CLIR": 0.10000002384185791, "CLPT": 0.11436172017229801, "CLUB": 0.31578949019519265, "CYAD": 0.11788616152684031, "DGAZ": 0.07884049876633699, "DHC": 0.22360249137046923, "DLTR": 0.11550326461038225, "DOYU": 0.105781014092444, "DRIP": 0.08346967936174685, "DZSI": 0.11436945943377896, "EDUC": 0.2253086471990048, "FLXN": 0.12778312725782165, "FTSI": 0.16155088703650794, "GCE": 0.18256888022357626, "GEOS": 0.12242088979650466, "GMBL": 0.27529413559857535, "GTYH": 0.08055561332055233, "HIBS": 0.09935205761922937, "HTBX": 0.14432987790265395, "HX": 1.7083332945282252, "IDYA": 0.22635351145622273, "IMRA": 0.13264600180077304, "IPI": 0.1, "NVUS": 0.14912277124374923, "OCN": 0.08108108325802206, "OGI": 0.10650884109670286, "ONVO": 0.09836065733954967, "ORGO": 0.332369966094949, "OXBR": 0.11000004371007399, "PHAS": 0.3619909224015504, "PLMR": 0.14119981221744252, "PMOM": 0.17036122801929524, "PRTS": 0.08207709634435216, "RDUS": 0.09666805566005915, "RETO": 0.26315796078077064, "RGLS": 0.10606059100892869, "RNWK": 0.13294798643797962, "SHBI": 0.08280251875306376, "SIM": 0.0815138212675484, "SLP": 0.22607595709305775, "SMLP": 0.15053768196000067, "SND": 0.1818181270848079, "SOHO": 0.0858209005016131, "SOHOB": 0.1382113127740279, "SOHON": 0.12866081444027672, "SOHOO": 0.12289783748489065, "SPLP": 0.08108105428796067, "SPN": 0.09071038507661282, "TACT": 0.08928568821954361, "TCCO": 0.21093748981365912, "TENX": 0.13636359120860422, "TGI": 0.11369184802022815, "TH": 0.1863635629661828, "THM": 0.36250002142041887, "TOUR": 0.28205133905172064, "TRCH": 0.0882352966957026, "TRNX": 0.2857143313300851, "TROV": 0.10000001036602539, "TUES": 0.19230774521122512, "UMRX": 0.15339805510617383, "UNT": 0.13179913203854818, "USAU": 0.11927873122428899, "USEG": 0.12820513029514427, "USWS": 0.11904765114762715, "UTSL": 0.09312118357359647, "VEL": 0.10933329264322916, "VOLT": 0.10126579890857108, "VRML": 0.15248229678599065, "VRNA": 0.08409088125898878, "VTGN": 0.13953488694454536, "WLFC": 0.15157582397891248, "XRF": 0.1300812716587769, "YVR": 0.08219178194041364}