{"AGFS": -0.1728394880034615, "AMBO": -0.13157894901951928, "AMC": -0.0946428110708988, "ANF": -0.11111109487144653, "APEN": -0.1318182158076066, "APEX": -0.11864406094746942, "ARDS": -0.19875001907348633, "ARL": -0.09644088965659732, "ASNA": -0.16666661572252398, "BCRX": -0.10714285038496085, "BELFB": -0.09727626711824569, "BGI": -0.10526313725600916, "BGSF": -0.099152547235771, "BNKU": -0.10057287841308109, "BOMN": -0.15455950662462178, "BRT": -0.11221940629769114, "CARS": -0.09850744271655418, "CCB": -0.09517332528210055, "CEPU": -0.11538458599376382, "CJJD": -0.2477611783087767, "CMRX": -0.09659088523057854, "CNK": -0.11252897947442808, "CNSP": -0.1304347450506333, "CREX": -0.11149823902535146, "CRNC": -0.16167577128479252, "CRVS": -0.09629631766348391, "CTRC": -0.365671634183895, "CVGI": -0.13356167627199575, "CYCCP": -0.09806454566217238, "DCAR": -0.15217395952157944, "DLA": -0.09325676299803744, "DLTH": -0.09459455354370568, "DPST": -0.10686638853506764, "ESEA": -0.19117649327512368, "ESNT": -0.09807585110976909, "ESSA": -0.10607072560810894, "EVLO": -0.10420841779116786, "IOVA": -0.14255710904235475, "JILL": -0.126684614466385, "KINS": -0.12581342883040122, "KRA": -0.10431854540864383, "KRKR": -0.13529412507185865, "KSS": -0.09735307255112362, "LE": -0.10559885240061324, "LK": -0.20463320036817723, "LMNL": -0.09514567745272298, "LPG": -0.12679158293539072, "LTM": -0.09836065733954967, "LTRPA": -0.11764709355943584, "MARK": -0.12647060432236043, "MBRX": -0.09345796162597453, "MDIA": -0.1111111111111111, "MDLQ": -0.10112356766352869, "MSC": -0.10351315319737271, "NAIL": -0.13033706310311483, "NK": -0.127968311339691, "NMIH": -0.1148571559361049, "NMRD": -0.10437500476837158, "NNBR": -0.13750006208816917, "NVGS": -0.11400648607274345, "NWGI": -0.13981858710332243, "NWHM": -0.14550263398919258, "OOMA": -0.10533708034478542, "ORRF": -0.09877432565702282, "PEIX": -0.10909091106131052, "PFMT": -0.11764703304297398, "PLAG": -0.11877392921050653, "PLT": -0.1423682390543676, "PNRG": -0.18937822562014153, "PTI": -0.11564630815325026, "RAVE": -0.11214958737433309, "RELV": -0.14805823107760802, "REX": -0.12436398400544585, "RTW": -0.10416663174206933, "SABR": -0.09779953067100429, "SFET": -0.09395972134148693, "SIG": -0.10379750686202852, "SINT": -0.1392556975564457, "SIX": -0.11809870190805297, "SKY": -0.09777775517216435, "SMBK": -0.15366707196899215, "SMMF": -0.09384614993364383, "SMRT": -0.16666663562258016, "SONM": -0.11290324544724666, "TCRR": -0.11611786455956981, "TISI": -0.10833334922790527, "TLGT": -0.8992499947547913, "TRHC": -0.10226911373147969, "TRIP": -0.09464672187222398, "TSQ": -0.15533983998456344, "TUP": -0.11873352301135627, "VHC": -0.14456235518600885, "VIE": -0.11537717273899112, "VRCA": -0.11976911172666455, "VRTV": -0.11716622828831835, "VVI": -0.09540120900145356, "WAFU": -0.14200000762939452, "XTNT": -0.10204079812158601, "ZFGN": -0.14655169135891913, "ZIOP": -0.12034386107342603}